{
    "epoch": 1,
    "train_loss": 2.1716230025447034,
    "test_loss": 2.169890234645563,
    "train_accuracy": 0.20572,
    "test_accuracy": 0.201,
    "lr": 0.005,
    "gradient_norm": 1.2765955846231956,
    "samples_per_second": 293.75537037641607,
    "uid": "2f3f075f0da96b3fec907bd376e6cb22"
}