{"unknown": {"optimize_accuracy": -2.0384212828900723, "reduce_parameters": -2.07103856426428, "fractal_prune": -2.003468120339655, "deepen_network": -2.078231306476227, "fix_bugs": -1.8862486050449143, "fractal_expand": -2.2657239569903336, "add_skip_connection": -2.032644106196486, "convert_to_fractal": -1.117573302978665, "tune_fractal_hyperparams": -1.8323723485313, "fractal_reduce_depth": -2.0910498865254197, "fractal_expand_depth": -2.0488853514712666}}