{"unknown": {"optimize_accuracy": -1.6140748528505346, "reduce_parameters": -1.6913414538080085, "fractal_prune": -1.6531836223058665, "deepen_network": -1.6460675195767838, "fix_bugs": -1.6134274738947043, "fractal_expand": -1.6435735847147144, "add_skip_connection": -1.681302884763197, "convert_to_fractal": -1.5928255244035832, "tune_fractal_hyperparams": -1.5896534289652213, "fractal_reduce_depth": -1.6619535403564258, "fractal_expand_depth": -1.5642483009752228}}