{"unknown": {"optimize_accuracy": -2.3146805681720877, "reduce_parameters": -2.2761789444348715, "fractal_prune": -2.341803911145079, "deepen_network": -2.3083189268828144, "fix_bugs": -2.1609200241685222, "fractal_expand": -2.4007797360492327, "add_skip_connection": -2.278545936182265, "convert_to_fractal": -2.292815818914078, "tune_fractal_hyperparams": -2.305364865202844, "fractal_reduce_depth": -2.2858677138969004, "fractal_expand_depth": -2.317920543906341}}