{"unknown": {"optimize_accuracy": -2.3146805681720877, "reduce_parameters": -2.353417154990523, "fractal_prune": -2.341803911145079, "deepen_network": -2.3083189268828144, "fix_bugs": -2.308727245591987, "fractal_expand": -2.4007797360492327, "add_skip_connection": -2.3557604768204423, "convert_to_fractal": -2.3698876607249373, "tune_fractal_hyperparams": -2.305364865202844, "fractal_reduce_depth": -2.3630090367579313, "fractal_expand_depth": -2.317920543906341}}