{"unknown": {"deepen_network": -0.41084073499059, "fix_bugs": -0.473266215574275, "add_skip_connection": 0.4192778020064156, "optimize_accuracy": -0.1456016678869941, "reduce_parameters": -0.25482563165060995}}