{"unknown": {"deepen_network": -0.1, "reduce_parameters": -0.10900000000000001, "optimize_accuracy": -0.10900000000000001, "fractal_reduce_depth": 0.05796875000000001}}