{
    "epoch": 1,
    "train_loss": 2.2995781119023846,
    "test_loss": 2.2992146297003897,
    "train_accuracy": 0.13116,
    "test_accuracy": 0.1333,
    "lr": 0.001,
    "gradient_norm": 2.0202765818784068,
    "samples_per_second": 303.2912942123483,
    "uid": "34735f5c90fb706bc39f8a7b4e0f5ddb"
}