{
    "epoch": 1,
    "train_loss": 2.097660646099962,
    "test_loss": 2.094033211945726,
    "train_accuracy": 0.2334,
    "test_accuracy": 0.2378,
    "lr": 0.005,
    "gradient_norm": 1.8851075693379378,
    "samples_per_second": 303.26869766447805,
    "uid": "06a2a9422badebd19be0d1cd67c412e8"
}