{
    "epoch": 1,
    "train_loss": 2.039983199943889,
    "test_loss": 2.03416501904448,
    "train_accuracy": 0.22328,
    "test_accuracy": 0.2266,
    "lr": 0.01,
    "gradient_norm": 2.2397171553963413,
    "samples_per_second": 188.84544927818567,
    "uid": "33546dcffaa08ec8ed82e81500d182c3"
}