{
    "epoch": 1,
    "train_loss": 2.167070175391775,
    "test_loss": 2.163687968787294,
    "train_accuracy": 0.1979,
    "test_accuracy": 0.2035,
    "lr": 0.005,
    "gradient_norm": 1.9194127516381039,
    "samples_per_second": 292.6106757249456,
    "uid": "14c93f61040af61da7ecb4c102a13a22"
}