{
    "epoch": 1,
    "train_loss": 2.121640417183811,
    "test_loss": 2.1157687753915027,
    "train_accuracy": 0.23226,
    "test_accuracy": 0.2337,
    "lr": 0.005,
    "gradient_norm": 1.1039845844706613,
    "samples_per_second": 293.13670257068196,
    "uid": "77ab2bcce32120901fff779f2433cc96"
}