{
    "epoch": 1,
    "train_loss": 2.0517367467007723,
    "test_loss": 2.043795346452024,
    "train_accuracy": 0.23578,
    "test_accuracy": 0.2389,
    "lr": 0.01,
    "gradient_norm": 1.6603203482800521,
    "samples_per_second": 291.72409941406994,
    "uid": "f3afc25681ffff5dfcba36eeab4645e4"
}