{
    "config": {
        "task": "img-classification",
        "dataset": "cifar-10",
        "metric": "acc",
        "model": "ga-mut-150-3a905069f26ec78889cc6713c16ac70c"
    },
    "hyperparameters": {
        "lr": 0.005,
        "momentum": 0.95,
        "dropout": 0.5,
        "batch": 128,
        "epoch": 5,
        "transform": "norm_256_flip",
        "train_loss": 0.9091671537560271,
        "test_loss": 0.9678664237638063,
        "train_accuracy": 0.67492,
        "gradient_norm": 2.9999991323212734,
        "samples_per_second": 219.64816086611265,
        "best_accuracy": 0.6553,
        "best_epoch": 5,
        "cpu_type": "x86_64",
        "cpu_count": 32,
        "total_ram_kb": 131724388.0,
        "gpu_type": "NVIDIA GeForce RTX 4090",
        "gpu_total_memory_kb": 24689728.0,
        "occupied_ram_kb": 18321848.0,
        "ram_usage_percent": 19.7,
        "cpu_usage_percent": 0.3,
        "occupied_gpu_memory_kb": 452223.5,
        "gpu_memory_usage_percent": 1.83,
        "gpu_memory_kb": 24073171.0
    },
    "model_info": {
        "input_shape": [
            1,
            3,
            256,
            256
        ],
        "output_shape": [
            10
        ]
    },
    "system_info": {
        "cpu_type": "x86_64",
        "cpu_count": 32,
        "total_ram_kb": 131724388.0,
        "gpu_type": "NVIDIA GeForce RTX 4090",
        "gpu_total_memory_kb": 24689728.0
    },
    "training_summary": {
        "total_epochs": 5,
        "best_accuracy": 0.6553,
        "best_epoch": 5,
        "final_train_loss": 0.9091671537560271,
        "final_test_loss": 0.9678664237638063,
        "final_accuracy": 0.6553,
        "gpu_memory_kb": 24073171.0
    },
    "final_resource_usage": {
        "occupied_ram_kb": 18321876.0,
        "ram_usage_percent": 19.7,
        "cpu_usage_percent": 0.0,
        "occupied_gpu_memory_kb": 452223.5,
        "gpu_memory_usage_percent": 1.83
    },
    "learning_curves": {
        "epochs": [
            1,
            2,
            3,
            4,
            5
        ],
        "train_loss": [
            1.2826559095431471,
            1.0940971482745216,
            1.0026324848689692,
            0.9725861925908061,
            0.9091671537560271
        ],
        "test_loss": [
            1.2688273689414882,
            1.1045971120460123,
            1.052598601655115,
            1.0146177946766721,
            0.9678664237638063
        ],
        "train_accuracy": [
            0.54254,
            0.61202,
            0.64394,
            0.65648,
            0.67492
        ],
        "test_accuracy": [
            0.5425,
            0.605,
            0.6315,
            0.6409,
            0.6553
        ],
        "lr": [
            0.005,
            0.005,
            0.005,
            0.005,
            0.005
        ],
        "gradient_norm": [
            2.999999219632005,
            2.99999957128368,
            2.999999236367354,
            2.9999995313770755,
            2.9999991323212734
        ]
    },
    "epoch_details": [
        {
            "epoch": 1,
            "train_loss": 1.2826559095431471,
            "test_loss": 1.2688273689414882,
            "train_accuracy": 0.54254,
            "test_accuracy": 0.5425,
            "lr": 0.005,
            "gradient_norm": 2.999999219632005,
            "samples_per_second": 219.42254244636152
        },
        {
            "epoch": 2,
            "train_loss": 1.0940971482745216,
            "test_loss": 1.1045971120460123,
            "train_accuracy": 0.61202,
            "test_accuracy": 0.605,
            "lr": 0.005,
            "gradient_norm": 2.99999957128368,
            "samples_per_second": 219.51322807271316
        },
        {
            "epoch": 3,
            "train_loss": 1.0026324848689692,
            "test_loss": 1.052598601655115,
            "train_accuracy": 0.64394,
            "test_accuracy": 0.6315,
            "lr": 0.005,
            "gradient_norm": 2.999999236367354,
            "samples_per_second": 219.63228166554126
        },
        {
            "epoch": 4,
            "train_loss": 0.9725861925908061,
            "test_loss": 1.0146177946766721,
            "train_accuracy": 0.65648,
            "test_accuracy": 0.6409,
            "lr": 0.005,
            "gradient_norm": 2.9999995313770755,
            "samples_per_second": 219.59467395737093
        },
        {
            "epoch": 5,
            "train_loss": 0.9091671537560271,
            "test_loss": 0.9678664237638063,
            "train_accuracy": 0.67492,
            "test_accuracy": 0.6553,
            "lr": 0.005,
            "gradient_norm": 2.9999991323212734,
            "samples_per_second": 219.64816086611265
        }
    ],
    "uid": "f01645c74a995f904d54f4913172d53e",
    "current_epoch": 3
}